Start,End,Path
"(161, 46)","(95, 84)","[(161.0, 46.0), (161.0, 47.0), (161.0, 48.0), (161.0, 49.0), (161.0, 50.0), (161.0, 51.0), (161.0, 52.0), (161.0, 53.0), (161.0, 54.0), (161.0, 55.0), (161.0, 56.0), (161.0, 57.0), (161.0, 58.0), (161.0, 59.0), (161.0, 60.0), (161.0, 61.0), (161.0, 62.0), (161.0, 63.0), (161.0, 64.0), (161.0, 65.0), (161.0, 66.0), (161.0, 67.0), (161.0, 68.0), (161.0, 69.0), (161.0, 70.0), (161.0, 71.0), (161.0, 72.0), (161.0, 73.0), (161.0, 74.0), (161.0, 75.0), (161.0, 76.0), (161.0, 77.0), (161.0, 78.0), (161.0, 79.0), (161.0, 80.0), (161.0, 81.0), (160.0, 81.0), (160.0, 82.0), (160.0, 83.0), (159.0, 83.0), (158.0, 83.0), (157.0, 83.0), (156.0, 83.0), (155.0, 83.0), (154.0, 83.0), (153.0, 83.0), (152.0, 83.0), (151.0, 83.0), (150.0, 83.0), (149.0, 83.0), (148.0, 83.0), (147.0, 83.0), (146.0, 83.0), (145.0, 83.0), (144.0, 83.0), (143.0, 83.0), (142.0, 83.0), (141.0, 83.0), (140.0, 83.0), (139.0, 83.0), (138.0, 83.0), (137.0, 83.0), (136.0, 83.0), (135.0, 83.0), (134.0, 83.0), (133.0, 83.0), (132.0, 83.0), (131.0, 83.0), (130.0, 83.0), (129.0, 83.0), (128.0, 83.0), (127.0, 83.0), (126.0, 83.0), (125.0, 83.0), (124.0, 83.0), (123.0, 83.0), (122.0, 83.0), (121.0, 83.0), (120.0, 83.0), (119.0, 83.0), (118.0, 83.0), (117.0, 83.0), (116.0, 83.0), (115.0, 83.0), (114.0, 83.0), (113.0, 83.0), (112.0, 83.0), (111.0, 83.0), (110.0, 83.0), (109.0, 83.0), (108.0, 83.0), (107.0, 83.0), (106.0, 83.0), (105.0, 83.0), (104.0, 83.0), (103.0, 83.0), (102.0, 83.0), (101.0, 83.0), (100.0, 83.0), (99.0, 83.0), (98.0, 83.0), (97.0, 83.0), (96.0, 83.0), (95.0, 83.0), (95.0, 84.0)]"
"(95, 84)","(135, 60)","[(95.0, 84.0), (95.0, 83.0), (95.0, 82.0), (95.0, 81.0), (95.0, 80.0), (95.0, 79.0), (95.0, 78.0), (95.0, 77.0), (95.0, 76.0), (95.0, 75.0), (95.0, 74.0), (95.0, 73.0), (95.0, 72.0), (95.0, 71.0), (95.0, 70.0), (95.0, 69.0), (95.0, 68.0), (95.0, 67.0), (95.0, 66.0), (95.0, 65.0), (95.0, 64.0), (95.0, 63.0), (95.0, 62.0), (95.0, 61.0), (95.0, 60.0), (96.0, 60.0), (97.0, 60.0), (98.0, 60.0), (99.0, 60.0), (100.0, 60.0), (101.0, 60.0), (102.0, 60.0), (103.0, 60.0), (104.0, 60.0), (105.0, 60.0), (106.0, 60.0), (107.0, 60.0), (108.0, 60.0), (109.0, 60.0), (110.0, 60.0), (111.0, 60.0), (112.0, 60.0), (113.0, 60.0), (114.0, 60.0), (115.0, 60.0), (116.0, 60.0), (117.0, 60.0), (118.0, 60.0), (119.0, 60.0), (120.0, 60.0), (121.0, 60.0), (122.0, 60.0), (123.0, 60.0), (124.0, 60.0), (125.0, 60.0), (126.0, 60.0), (127.0, 60.0), (128.0, 60.0), (129.0, 60.0), (130.0, 60.0), (131.0, 60.0), (132.0, 60.0), (133.0, 60.0), (134.0, 60.0), (135.0, 60.0)]"
"(135, 60)","(161, 82)","[(135.0, 60.0), (135.0, 61.0), (135.0, 62.0), (135.0, 63.0), (135.0, 64.0), (135.0, 65.0), (135.0, 66.0), (135.0, 67.0), (135.0, 68.0), (135.0, 69.0), (135.0, 70.0), (135.0, 71.0), (135.0, 72.0), (135.0, 73.0), (135.0, 74.0), (135.0, 75.0), (135.0, 76.0), (135.0, 77.0), (135.0, 78.0), (135.0, 79.0), (136.0, 79.0), (137.0, 79.0), (138.0, 79.0), (139.0, 79.0), (140.0, 79.0), (141.0, 79.0), (142.0, 79.0), (143.0, 79.0), (144.0, 79.0), (145.0, 79.0), (146.0, 79.0), (147.0, 79.0), (148.0, 79.0), (149.0, 79.0), (150.0, 79.0), (151.0, 79.0), (152.0, 79.0), (153.0, 79.0), (154.0, 79.0), (155.0, 79.0), (156.0, 79.0), (157.0, 79.0), (158.0, 79.0), (159.0, 79.0), (160.0, 79.0), (160.0, 80.0), (161.0, 80.0), (162.0, 80.0), (162.0, 81.0), (161.0, 81.0), (161.0, 82.0)]"
"(161, 82)","(133, 82)","[(161.0, 82.0), (161.0, 83.0), (161.0, 84.0), (160.0, 84.0), (159.0, 84.0), (158.0, 84.0), (157.0, 84.0), (156.0, 84.0), (155.0, 84.0), (154.0, 84.0), (153.0, 84.0), (152.0, 84.0), (151.0, 84.0), (150.0, 84.0), (149.0, 84.0), (148.0, 84.0), (147.0, 84.0), (146.0, 84.0), (145.0, 84.0), (144.0, 84.0), (143.0, 84.0), (142.0, 84.0), (141.0, 84.0), (140.0, 84.0), (139.0, 84.0), (138.0, 84.0), (137.0, 84.0), (136.0, 84.0), (135.0, 84.0), (134.0, 84.0), (133.0, 84.0), (133.0, 83.0), (133.0, 82.0)]"
"(133, 82)","(105, 62)","[(133.0, 82.0), (133.0, 81.0), (133.0, 80.0), (133.0, 79.0), (133.0, 78.0), (133.0, 77.0), (133.0, 76.0), (133.0, 75.0), (133.0, 74.0), (133.0, 73.0), (133.0, 72.0), (133.0, 71.0), (133.0, 70.0), (133.0, 69.0), (133.0, 68.0), (133.0, 67.0), (133.0, 66.0), (133.0, 65.0), (133.0, 64.0), (133.0, 63.0), (132.0, 63.0), (131.0, 63.0), (130.0, 63.0), (129.0, 63.0), (128.0, 63.0), (127.0, 63.0), (126.0, 63.0), (125.0, 63.0), (124.0, 63.0), (123.0, 63.0), (122.0, 63.0), (121.0, 63.0), (120.0, 63.0), (119.0, 63.0), (118.0, 63.0), (117.0, 63.0), (116.0, 63.0), (115.0, 63.0), (114.0, 63.0), (113.0, 63.0), (112.0, 63.0), (111.0, 63.0), (110.0, 63.0), (109.0, 63.0), (108.0, 63.0), (107.0, 63.0), (106.0, 63.0), (105.0, 63.0), (105.0, 62.0)]"
"(91, 62)","(91, 46)","[(91.0, 62.0), (91.0, 61.0), (91.0, 60.0), (91.0, 59.0), (91.0, 58.0), (91.0, 57.0), (91.0, 56.0), (91.0, 55.0), (91.0, 54.0), (91.0, 53.0), (91.0, 52.0), (91.0, 51.0), (91.0, 50.0), (91.0, 49.0), (91.0, 48.0), (91.0, 47.0), (91.0, 46.0)]"
"(91, 46)","(97, 62)","[(91.0, 46.0), (92.0, 46.0), (92.0, 47.0), (92.0, 48.0), (92.0, 49.0), (92.0, 50.0), (92.0, 51.0), (92.0, 52.0), (92.0, 53.0), (92.0, 54.0), (92.0, 55.0), (92.0, 56.0), (92.0, 57.0), (92.0, 58.0), (92.0, 59.0), (92.0, 60.0), (92.0, 61.0), (92.0, 62.0), (93.0, 62.0), (94.0, 62.0), (95.0, 62.0), (96.0, 62.0), (97.0, 62.0)]"
"(93, 96)","(129, 134)","[(93.0, 96.0), (93.0, 97.0), (93.0, 98.0), (93.0, 99.0), (93.0, 100.0), (93.0, 101.0), (93.0, 102.0), (93.0, 103.0), (93.0, 104.0), (93.0, 105.0), (93.0, 106.0), (93.0, 107.0), (93.0, 108.0), (93.0, 109.0), (93.0, 110.0), (93.0, 111.0), (93.0, 112.0), (93.0, 113.0), (93.0, 114.0), (93.0, 115.0), (93.0, 116.0), (93.0, 117.0), (93.0, 118.0), (93.0, 119.0), (93.0, 120.0), (93.0, 121.0), (94.0, 121.0), (94.0, 122.0), (94.0, 123.0), (94.0, 124.0), (94.0, 125.0), (94.0, 126.0), (94.0, 127.0), (94.0, 128.0), (94.0, 129.0), (94.0, 130.0), (94.0, 131.0), (94.0, 132.0), (94.0, 133.0), (95.0, 133.0), (96.0, 133.0), (97.0, 133.0), (98.0, 133.0), (99.0, 133.0), (100.0, 133.0), (100.0, 134.0), (101.0, 134.0), (102.0, 134.0), (103.0, 134.0), (104.0, 134.0), (105.0, 134.0), (106.0, 134.0), (107.0, 134.0), (108.0, 134.0), (109.0, 134.0), (110.0, 134.0), (111.0, 134.0), (112.0, 134.0), (113.0, 134.0), (114.0, 134.0), (115.0, 134.0), (116.0, 134.0), (117.0, 134.0), (118.0, 134.0), (119.0, 134.0), (120.0, 134.0), (121.0, 134.0), (122.0, 134.0), (123.0, 134.0), (124.0, 134.0), (125.0, 134.0), (126.0, 134.0), (127.0, 134.0), (128.0, 134.0), (129.0, 134.0)]"
"(129, 134)","(145, 82)","[(129.0, 134.0), (129.0, 133.0), (129.0, 132.0), (129.0, 131.0), (129.0, 130.0), (129.0, 129.0), (129.0, 128.0), (129.0, 127.0), (129.0, 126.0), (129.0, 125.0), (129.0, 124.0), (129.0, 123.0), (129.0, 122.0), (129.0, 121.0), (129.0, 120.0), (129.0, 119.0), (129.0, 118.0), (129.0, 117.0), (129.0, 116.0), (129.0, 115.0), (129.0, 114.0), (129.0, 113.0), (129.0, 112.0), (129.0, 111.0), (129.0, 110.0), (129.0, 109.0), (129.0, 108.0), (129.0, 107.0), (129.0, 106.0), (129.0, 105.0), (129.0, 104.0), (129.0, 103.0), (129.0, 102.0), (129.0, 101.0), (129.0, 100.0), (129.0, 99.0), (129.0, 98.0), (129.0, 97.0), (129.0, 96.0), (129.0, 95.0), (129.0, 94.0), (129.0, 93.0), (129.0, 92.0), (129.0, 91.0), (129.0, 90.0), (129.0, 89.0), (129.0, 88.0), (129.0, 87.0), (129.0, 86.0), (129.0, 85.0), (130.0, 85.0), (131.0, 85.0), (132.0, 85.0), (133.0, 85.0), (134.0, 85.0), (135.0, 85.0), (136.0, 85.0), (137.0, 85.0), (138.0, 85.0), (139.0, 85.0), (140.0, 85.0), (140.0, 84.0), (140.0, 83.0), (140.0, 82.0), (141.0, 82.0), (142.0, 82.0), (143.0, 82.0), (144.0, 82.0), (145.0, 82.0)]"
"(145, 82)","(113, 82)","[(145.0, 82.0), (145.0, 81.0), (144.0, 81.0), (143.0, 81.0), (142.0, 81.0), (141.0, 81.0), (140.0, 81.0), (139.0, 81.0), (138.0, 81.0), (137.0, 81.0), (136.0, 81.0), (135.0, 81.0), (134.0, 81.0), (134.0, 82.0), (133.0, 82.0), (132.0, 82.0), (131.0, 82.0), (130.0, 82.0), (129.0, 82.0), (128.0, 82.0), (127.0, 82.0), (126.0, 82.0), (125.0, 82.0), (124.0, 82.0), (123.0, 82.0), (122.0, 82.0), (121.0, 82.0), (120.0, 82.0), (119.0, 82.0), (118.0, 82.0), (117.0, 82.0), (116.0, 82.0), (115.0, 82.0), (114.0, 82.0), (113.0, 82.0)]"
"(113, 82)","(113, 82)","[(113.0, 82.0)]"
"(113, 82)","(137, 118)","[(113.0, 82.0), (113.0, 83.0), (113.0, 84.0), (113.0, 85.0), (113.0, 86.0), (113.0, 87.0), (113.0, 88.0), (113.0, 89.0), (113.0, 90.0), (113.0, 91.0), (113.0, 92.0), (113.0, 93.0), (113.0, 94.0), (113.0, 95.0), (113.0, 96.0), (113.0, 97.0), (113.0, 98.0), (113.0, 99.0), (113.0, 100.0), (113.0, 101.0), (113.0, 102.0), (113.0, 103.0), (113.0, 104.0), (113.0, 105.0), (113.0, 106.0), (113.0, 107.0), (113.0, 108.0), (113.0, 109.0), (113.0, 110.0), (113.0, 111.0), (113.0, 112.0), (113.0, 113.0), (113.0, 114.0), (113.0, 115.0), (113.0, 116.0), (113.0, 117.0), (114.0, 117.0), (115.0, 117.0), (116.0, 117.0), (117.0, 117.0), (118.0, 117.0), (119.0, 117.0), (120.0, 117.0), (121.0, 117.0), (122.0, 117.0), (123.0, 117.0), (124.0, 117.0), (125.0, 117.0), (126.0, 117.0), (127.0, 117.0), (128.0, 117.0), (129.0, 117.0), (130.0, 117.0), (131.0, 117.0), (132.0, 117.0), (133.0, 117.0), (134.0, 117.0), (135.0, 117.0), (136.0, 117.0), (136.0, 118.0), (137.0, 118.0)]"
"(137, 118)","(103, 118)","[(137.0, 118.0), (137.0, 119.0), (136.0, 119.0), (135.0, 119.0), (134.0, 119.0), (133.0, 119.0), (132.0, 119.0), (131.0, 119.0), (130.0, 119.0), (129.0, 119.0), (128.0, 119.0), (127.0, 119.0), (126.0, 119.0), (125.0, 119.0), (124.0, 119.0), (123.0, 119.0), (122.0, 119.0), (121.0, 119.0), (120.0, 119.0), (119.0, 119.0), (118.0, 119.0), (117.0, 119.0), (116.0, 119.0), (115.0, 119.0), (114.0, 119.0), (113.0, 119.0), (112.0, 119.0), (111.0, 119.0), (110.0, 119.0), (109.0, 119.0), (108.0, 119.0), (107.0, 119.0), (106.0, 119.0), (105.0, 119.0), (104.0, 119.0), (103.0, 119.0), (103.0, 118.0)]"
"(103, 118)","(139, 82)","[(103.0, 118.0), (103.0, 117.0), (103.0, 116.0), (103.0, 115.0), (103.0, 114.0), (103.0, 113.0), (103.0, 112.0), (103.0, 111.0), (103.0, 110.0), (103.0, 109.0), (103.0, 108.0), (103.0, 107.0), (103.0, 106.0), (103.0, 105.0), (103.0, 104.0), (103.0, 103.0), (103.0, 102.0), (103.0, 101.0), (103.0, 100.0), (103.0, 99.0), (103.0, 98.0), (103.0, 97.0), (103.0, 96.0), (103.0, 95.0), (103.0, 94.0), (103.0, 93.0), (103.0, 92.0), (103.0, 91.0), (103.0, 90.0), (103.0, 89.0), (103.0, 88.0), (103.0, 87.0), (104.0, 87.0), (105.0, 87.0), (106.0, 87.0), (106.0, 86.0), (107.0, 86.0), (108.0, 86.0), (109.0, 86.0), (110.0, 86.0), (111.0, 86.0), (112.0, 86.0), (113.0, 86.0), (114.0, 86.0), (115.0, 86.0), (116.0, 86.0), (117.0, 86.0), (118.0, 86.0), (119.0, 86.0), (120.0, 86.0), (121.0, 86.0), (122.0, 86.0), (123.0, 86.0), (124.0, 86.0), (125.0, 86.0), (126.0, 86.0), (127.0, 86.0), (128.0, 86.0), (129.0, 86.0), (130.0, 86.0), (131.0, 86.0), (132.0, 86.0), (133.0, 86.0), (134.0, 86.0), (135.0, 86.0), (136.0, 86.0), (136.0, 85.0), (136.0, 84.0), (136.0, 83.0), (136.0, 82.0), (137.0, 82.0), (138.0, 82.0), (139.0, 82.0)]"
"(99, 134)","(161, 120)","[(99.0, 134.0), (99.0, 133.0), (99.0, 132.0), (99.0, 131.0), (99.0, 130.0), (99.0, 129.0), (99.0, 128.0), (99.0, 127.0), (99.0, 126.0), (99.0, 125.0), (99.0, 124.0), (99.0, 123.0), (99.0, 122.0), (99.0, 121.0), (99.0, 120.0), (100.0, 120.0), (101.0, 120.0), (102.0, 120.0), (103.0, 120.0), (104.0, 120.0), (105.0, 120.0), (106.0, 120.0), (107.0, 120.0), (108.0, 120.0), (109.0, 120.0), (110.0, 120.0), (111.0, 120.0), (112.0, 120.0), (113.0, 120.0), (114.0, 120.0), (115.0, 120.0), (116.0, 120.0), (117.0, 120.0), (118.0, 120.0), (119.0, 120.0), (120.0, 120.0), (121.0, 120.0), (122.0, 120.0), (123.0, 120.0), (124.0, 120.0), (125.0, 120.0), (126.0, 120.0), (127.0, 120.0), (128.0, 120.0), (129.0, 120.0), (130.0, 120.0), (131.0, 120.0), (132.0, 120.0), (133.0, 120.0), (134.0, 120.0), (135.0, 120.0), (136.0, 120.0), (137.0, 120.0), (138.0, 120.0), (139.0, 120.0), (140.0, 120.0), (141.0, 120.0), (142.0, 120.0), (143.0, 120.0), (144.0, 120.0), (145.0, 120.0), (146.0, 120.0), (147.0, 120.0), (148.0, 120.0), (149.0, 120.0), (150.0, 120.0), (151.0, 120.0), (152.0, 120.0), (153.0, 120.0), (154.0, 120.0), (155.0, 120.0), (156.0, 120.0), (157.0, 120.0), (158.0, 120.0), (159.0, 120.0), (160.0, 120.0), (161.0, 120.0)]"
"(161, 120)","(139, 118)","[(161.0, 120.0), (161.0, 119.0), (160.0, 119.0), (159.0, 119.0), (158.0, 119.0), (157.0, 119.0), (156.0, 119.0), (155.0, 119.0), (154.0, 119.0), (153.0, 119.0), (152.0, 119.0), (151.0, 119.0), (150.0, 119.0), (149.0, 119.0), (148.0, 119.0), (147.0, 119.0), (146.0, 119.0), (145.0, 119.0), (144.0, 119.0), (143.0, 119.0), (142.0, 119.0), (141.0, 119.0), (140.0, 119.0), (139.0, 119.0), (139.0, 118.0)]"
"(139, 118)","(97, 118)","[(139.0, 118.0), (139.0, 117.0), (139.0, 116.0), (138.0, 116.0), (137.0, 116.0), (136.0, 116.0), (135.0, 116.0), (134.0, 116.0), (133.0, 116.0), (132.0, 116.0), (131.0, 116.0), (130.0, 116.0), (129.0, 116.0), (128.0, 116.0), (127.0, 116.0), (126.0, 116.0), (125.0, 116.0), (124.0, 116.0), (123.0, 116.0), (122.0, 116.0), (121.0, 116.0), (120.0, 116.0), (119.0, 116.0), (118.0, 116.0), (117.0, 116.0), (116.0, 116.0), (115.0, 116.0), (114.0, 116.0), (113.0, 116.0), (112.0, 116.0), (111.0, 116.0), (110.0, 116.0), (109.0, 116.0), (108.0, 116.0), (107.0, 116.0), (106.0, 116.0), (105.0, 116.0), (104.0, 116.0), (103.0, 116.0), (102.0, 116.0), (102.0, 117.0), (101.0, 117.0), (100.0, 117.0), (99.0, 117.0), (98.0, 117.0), (97.0, 117.0), (97.0, 118.0)]"
"(97, 118)","(165, 134)","[(97.0, 118.0), (97.0, 119.0), (97.0, 120.0), (97.0, 121.0), (97.0, 122.0), (97.0, 123.0), (97.0, 124.0), (97.0, 125.0), (97.0, 126.0), (97.0, 127.0), (97.0, 128.0), (97.0, 129.0), (97.0, 130.0), (97.0, 131.0), (98.0, 131.0), (99.0, 131.0), (100.0, 131.0), (101.0, 131.0), (102.0, 131.0), (103.0, 131.0), (104.0, 131.0), (104.0, 132.0), (105.0, 132.0), (106.0, 132.0), (107.0, 132.0), (108.0, 132.0), (109.0, 132.0), (110.0, 132.0), (111.0, 132.0), (112.0, 132.0), (113.0, 132.0), (114.0, 132.0), (115.0, 132.0), (116.0, 132.0), (117.0, 132.0), (118.0, 132.0), (119.0, 132.0), (120.0, 132.0), (121.0, 132.0), (122.0, 132.0), (123.0, 132.0), (124.0, 132.0), (125.0, 132.0), (126.0, 132.0), (127.0, 132.0), (128.0, 132.0), (129.0, 132.0), (130.0, 132.0), (130.0, 133.0), (131.0, 133.0), (132.0, 133.0), (133.0, 133.0), (134.0, 133.0), (135.0, 133.0), (136.0, 133.0), (137.0, 133.0), (138.0, 133.0), (139.0, 133.0), (140.0, 133.0), (141.0, 133.0), (142.0, 133.0), (143.0, 133.0), (144.0, 133.0), (145.0, 133.0), (146.0, 133.0), (147.0, 133.0), (148.0, 133.0), (148.0, 134.0), (149.0, 134.0), (150.0, 134.0), (151.0, 134.0), (152.0, 134.0), (153.0, 134.0), (154.0, 134.0), (155.0, 134.0), (156.0, 134.0), (157.0, 134.0), (158.0, 134.0), (159.0, 134.0), (160.0, 134.0), (161.0, 134.0), (162.0, 134.0), (163.0, 134.0), (164.0, 134.0), (165.0, 134.0)]"
"(165, 118)","(159, 82)","[(165.0, 118.0), (165.0, 117.0), (164.0, 117.0), (164.0, 116.0), (164.0, 115.0), (164.0, 114.0), (164.0, 113.0), (164.0, 112.0), (164.0, 111.0), (164.0, 110.0), (164.0, 109.0), (164.0, 108.0), (164.0, 107.0), (164.0, 106.0), (164.0, 105.0), (164.0, 104.0), (164.0, 103.0), (164.0, 102.0), (164.0, 101.0), (164.0, 100.0), (164.0, 99.0), (164.0, 98.0), (164.0, 97.0), (164.0, 96.0), (164.0, 95.0), (164.0, 94.0), (164.0, 93.0), (164.0, 92.0), (164.0, 91.0), (164.0, 90.0), (164.0, 89.0), (164.0, 88.0), (164.0, 87.0), (164.0, 86.0), (164.0, 85.0), (163.0, 85.0), (162.0, 85.0), (161.0, 85.0), (160.0, 85.0), (159.0, 85.0), (158.0, 85.0), (158.0, 84.0), (158.0, 83.0), (158.0, 82.0), (159.0, 82.0)]"
"(159, 82)","(167, 118)","[(159.0, 82.0), (158.0, 82.0), (157.0, 82.0), (157.0, 83.0), (157.0, 84.0), (157.0, 85.0), (157.0, 86.0), (157.0, 87.0), (157.0, 88.0), (157.0, 89.0), (157.0, 90.0), (157.0, 91.0), (157.0, 92.0), (157.0, 93.0), (157.0, 94.0), (157.0, 95.0), (157.0, 96.0), (157.0, 97.0), (157.0, 98.0), (157.0, 99.0), (157.0, 100.0), (157.0, 101.0), (157.0, 102.0), (157.0, 103.0), (157.0, 104.0), (157.0, 105.0), (157.0, 106.0), (157.0, 107.0), (157.0, 108.0), (157.0, 109.0), (157.0, 110.0), (157.0, 111.0), (157.0, 112.0), (157.0, 113.0), (157.0, 114.0), (157.0, 115.0), (157.0, 116.0), (157.0, 117.0), (157.0, 118.0), (158.0, 118.0), (159.0, 118.0), (160.0, 118.0), (161.0, 118.0), (162.0, 118.0), (163.0, 118.0), (164.0, 118.0), (165.0, 118.0), (166.0, 118.0), (167.0, 118.0)]"
"(167, 118)","(111, 82)","[(167.0, 118.0), (167.0, 117.0), (167.0, 116.0), (167.0, 115.0), (167.0, 114.0), (167.0, 113.0), (167.0, 112.0), (167.0, 111.0), (167.0, 110.0), (167.0, 109.0), (167.0, 108.0), (167.0, 107.0), (167.0, 106.0), (167.0, 105.0), (167.0, 104.0), (167.0, 103.0), (167.0, 102.0), (167.0, 101.0), (167.0, 100.0), (167.0, 99.0), (167.0, 98.0), (167.0, 97.0), (167.0, 96.0), (167.0, 95.0), (167.0, 94.0), (167.0, 93.0), (167.0, 92.0), (167.0, 91.0), (167.0, 90.0), (167.0, 89.0), (167.0, 88.0), (167.0, 87.0), (166.0, 87.0), (165.0, 87.0), (164.0, 87.0), (163.0, 87.0), (162.0, 87.0), (161.0, 87.0), (160.0, 87.0), (159.0, 87.0), (158.0, 87.0), (157.0, 87.0), (156.0, 87.0), (155.0, 87.0), (154.0, 87.0), (153.0, 87.0), (152.0, 87.0), (151.0, 87.0), (150.0, 87.0), (149.0, 87.0), (148.0, 87.0), (147.0, 87.0), (146.0, 87.0), (145.0, 87.0), (144.0, 87.0), (143.0, 87.0), (142.0, 87.0), (141.0, 87.0), (140.0, 87.0), (139.0, 87.0), (138.0, 87.0), (137.0, 87.0), (136.0, 87.0), (135.0, 87.0), (134.0, 87.0), (133.0, 87.0), (133.0, 86.0), (133.0, 85.0), (133.0, 84.0), (132.0, 84.0), (131.0, 84.0), (130.0, 84.0), (129.0, 84.0), (128.0, 84.0), (127.0, 84.0), (126.0, 84.0), (125.0, 84.0), (124.0, 84.0), (123.0, 84.0), (122.0, 84.0), (121.0, 84.0), (120.0, 84.0), (119.0, 84.0), (118.0, 84.0), (117.0, 84.0), (116.0, 84.0), (115.0, 84.0), (114.0, 84.0), (113.0, 84.0), (112.0, 84.0), (111.0, 84.0), (111.0, 83.0), (111.0, 82.0)]"
"(111, 82)","(143, 118)","[(111.0, 82.0), (112.0, 82.0), (112.0, 83.0), (112.0, 84.0), (112.0, 85.0), (112.0, 86.0), (112.0, 87.0), (112.0, 88.0), (112.0, 89.0), (112.0, 90.0), (112.0, 91.0), (112.0, 92.0), (112.0, 93.0), (112.0, 94.0), (112.0, 95.0), (112.0, 96.0), (112.0, 97.0), (112.0, 98.0), (112.0, 99.0), (112.0, 100.0), (112.0, 101.0), (112.0, 102.0), (112.0, 103.0), (112.0, 104.0), (112.0, 105.0), (112.0, 106.0), (112.0, 107.0), (112.0, 108.0), (112.0, 109.0), (112.0, 110.0), (112.0, 111.0), (112.0, 112.0), (112.0, 113.0), (112.0, 114.0), (112.0, 115.0), (113.0, 115.0), (114.0, 115.0), (115.0, 115.0), (116.0, 115.0), (117.0, 115.0), (118.0, 115.0), (119.0, 115.0), (120.0, 115.0), (121.0, 115.0), (122.0, 115.0), (123.0, 115.0), (124.0, 115.0), (125.0, 115.0), (126.0, 115.0), (127.0, 115.0), (128.0, 115.0), (129.0, 115.0), (130.0, 115.0), (131.0, 115.0), (132.0, 115.0), (133.0, 115.0), (134.0, 115.0), (135.0, 115.0), (136.0, 115.0), (136.0, 116.0), (136.0, 117.0), (137.0, 117.0), (137.0, 118.0), (138.0, 118.0), (139.0, 118.0), (140.0, 118.0), (141.0, 118.0), (142.0, 118.0), (143.0, 118.0)]"
"(165, 116)","(159, 94)","[(165.0, 116.0), (165.0, 115.0), (165.0, 114.0), (165.0, 113.0), (165.0, 112.0), (165.0, 111.0), (165.0, 110.0), (165.0, 109.0), (165.0, 108.0), (165.0, 107.0), (165.0, 106.0), (165.0, 105.0), (165.0, 104.0), (165.0, 103.0), (165.0, 102.0), (165.0, 101.0), (165.0, 100.0), (165.0, 99.0), (165.0, 98.0), (165.0, 97.0), (165.0, 96.0), (165.0, 95.0), (164.0, 95.0), (163.0, 95.0), (162.0, 95.0), (161.0, 95.0), (160.0, 95.0), (159.0, 95.0), (159.0, 94.0)]"
"(159, 94)","(159, 80)","[(159.0, 94.0), (159.0, 93.0), (159.0, 92.0), (159.0, 91.0), (159.0, 90.0), (159.0, 89.0), (159.0, 88.0), (159.0, 87.0), (159.0, 86.0), (158.0, 86.0), (158.0, 85.0), (157.0, 85.0), (156.0, 85.0), (156.0, 84.0), (156.0, 83.0), (156.0, 82.0), (156.0, 81.0), (156.0, 80.0), (157.0, 80.0), (158.0, 80.0), (159.0, 80.0)]"
"(159, 80)","(143, 116)","[(159.0, 80.0), (159.0, 81.0), (158.0, 81.0), (157.0, 81.0), (157.0, 82.0), (156.0, 82.0), (155.0, 82.0), (155.0, 83.0), (155.0, 84.0), (155.0, 85.0), (155.0, 86.0), (155.0, 87.0), (155.0, 88.0), (155.0, 89.0), (155.0, 90.0), (155.0, 91.0), (155.0, 92.0), (155.0, 93.0), (155.0, 94.0), (155.0, 95.0), (155.0, 96.0), (155.0, 97.0), (155.0, 98.0), (155.0, 99.0), (155.0, 100.0), (155.0, 101.0), (155.0, 102.0), (155.0, 103.0), (155.0, 104.0), (155.0, 105.0), (155.0, 106.0), (155.0, 107.0), (155.0, 108.0), (155.0, 109.0), (155.0, 110.0), (155.0, 111.0), (155.0, 112.0), (155.0, 113.0), (155.0, 114.0), (155.0, 115.0), (154.0, 115.0), (153.0, 115.0), (152.0, 115.0), (151.0, 115.0), (150.0, 115.0), (149.0, 115.0), (148.0, 115.0), (147.0, 115.0), (146.0, 115.0), (145.0, 115.0), (144.0, 115.0), (143.0, 115.0), (143.0, 116.0)]"
"(143, 116)","(143, 94)","[(143.0, 116.0), (143.0, 115.0), (143.0, 114.0), (143.0, 113.0), (143.0, 112.0), (143.0, 111.0), (143.0, 110.0), (143.0, 109.0), (143.0, 108.0), (143.0, 107.0), (143.0, 106.0), (143.0, 105.0), (143.0, 104.0), (143.0, 103.0), (143.0, 102.0), (143.0, 101.0), (143.0, 100.0), (143.0, 99.0), (143.0, 98.0), (143.0, 97.0), (143.0, 96.0), (143.0, 95.0), (143.0, 94.0)]"
"(143, 94)","(111, 94)","[(143.0, 94.0), (142.0, 94.0), (141.0, 94.0), (140.0, 94.0), (139.0, 94.0), (138.0, 94.0), (137.0, 94.0), (136.0, 94.0), (135.0, 94.0), (134.0, 94.0), (133.0, 94.0), (132.0, 94.0), (131.0, 94.0), (130.0, 94.0), (129.0, 94.0), (128.0, 94.0), (127.0, 94.0), (126.0, 94.0), (125.0, 94.0), (124.0, 94.0), (123.0, 94.0), (122.0, 94.0), (121.0, 94.0), (120.0, 94.0), (119.0, 94.0), (118.0, 94.0), (117.0, 94.0), (116.0, 94.0), (115.0, 94.0), (114.0, 94.0), (113.0, 94.0), (112.0, 94.0), (111.0, 94.0)]"
"(111, 94)","(111, 82)","[(111.0, 94.0), (111.0, 93.0), (111.0, 92.0), (111.0, 91.0), (111.0, 90.0), (111.0, 89.0), (111.0, 88.0), (111.0, 87.0), (111.0, 86.0), (111.0, 85.0), (111.0, 84.0), (110.0, 84.0), (110.0, 83.0), (110.0, 82.0), (111.0, 82.0)]"
"(103, 132)","(103, 64)","[(103.0, 132.0), (103.0, 131.0), (103.0, 130.0), (103.0, 129.0), (103.0, 128.0), (103.0, 127.0), (103.0, 126.0), (103.0, 125.0), (103.0, 124.0), (103.0, 123.0), (103.0, 122.0), (103.0, 121.0), (103.0, 120.0), (103.0, 119.0), (103.0, 118.0), (104.0, 118.0), (104.0, 117.0), (104.0, 116.0), (104.0, 115.0), (104.0, 114.0), (104.0, 113.0), (104.0, 112.0), (104.0, 111.0), (104.0, 110.0), (104.0, 109.0), (104.0, 108.0), (104.0, 107.0), (104.0, 106.0), (104.0, 105.0), (104.0, 104.0), (104.0, 103.0), (104.0, 102.0), (104.0, 101.0), (104.0, 100.0), (104.0, 99.0), (104.0, 98.0), (104.0, 97.0), (104.0, 96.0), (104.0, 95.0), (104.0, 94.0), (104.0, 93.0), (104.0, 92.0), (104.0, 91.0), (104.0, 90.0), (104.0, 89.0), (104.0, 88.0), (103.0, 88.0), (102.0, 88.0), (102.0, 87.0), (102.0, 86.0), (102.0, 85.0), (102.0, 84.0), (102.0, 83.0), (102.0, 82.0), (102.0, 81.0), (102.0, 80.0), (102.0, 79.0), (102.0, 78.0), (102.0, 77.0), (102.0, 76.0), (102.0, 75.0), (102.0, 74.0), (102.0, 73.0), (102.0, 72.0), (102.0, 71.0), (102.0, 70.0), (102.0, 69.0), (102.0, 68.0), (102.0, 67.0), (102.0, 66.0), (102.0, 65.0), (102.0, 64.0), (103.0, 64.0)]"
"(103, 64)","(133, 132)","[(103.0, 64.0), (103.0, 65.0), (103.0, 66.0), (103.0, 67.0), (103.0, 68.0), (103.0, 69.0), (103.0, 70.0), (103.0, 71.0), (103.0, 72.0), (103.0, 73.0), (103.0, 74.0), (103.0, 75.0), (103.0, 76.0), (103.0, 77.0), (103.0, 78.0), (103.0, 79.0), (103.0, 80.0), (103.0, 81.0), (103.0, 82.0), (103.0, 83.0), (103.0, 84.0), (103.0, 85.0), (104.0, 85.0), (105.0, 85.0), (106.0, 85.0), (107.0, 85.0), (108.0, 85.0), (108.0, 86.0), (108.0, 87.0), (108.0, 88.0), (108.0, 89.0), (108.0, 90.0), (108.0, 91.0), (108.0, 92.0), (108.0, 93.0), (108.0, 94.0), (108.0, 95.0), (108.0, 96.0), (108.0, 97.0), (108.0, 98.0), (108.0, 99.0), (108.0, 100.0), (108.0, 101.0), (108.0, 102.0), (108.0, 103.0), (108.0, 104.0), (108.0, 105.0), (108.0, 106.0), (108.0, 107.0), (108.0, 108.0), (108.0, 109.0), (108.0, 110.0), (108.0, 111.0), (108.0, 112.0), (108.0, 113.0), (108.0, 114.0), (108.0, 115.0), (108.0, 116.0), (108.0, 117.0), (108.0, 118.0), (108.0, 119.0), (108.0, 120.0), (108.0, 121.0), (108.0, 122.0), (108.0, 123.0), (108.0, 124.0), (108.0, 125.0), (108.0, 126.0), (108.0, 127.0), (108.0, 128.0), (108.0, 129.0), (108.0, 130.0), (108.0, 131.0), (109.0, 131.0), (110.0, 131.0), (111.0, 131.0), (112.0, 131.0), (113.0, 131.0), (114.0, 131.0), (115.0, 131.0), (116.0, 131.0), (117.0, 131.0), (118.0, 131.0), (119.0, 131.0), (120.0, 131.0), (121.0, 131.0), (122.0, 131.0), (123.0, 131.0), (124.0, 131.0), (125.0, 131.0), (126.0, 131.0), (127.0, 131.0), (128.0, 131.0), (129.0, 131.0), (130.0, 131.0), (130.0, 132.0), (131.0, 132.0), (132.0, 132.0), (133.0, 132.0)]"
"(133, 132)","(87, 60)","[(133.0, 132.0), (133.0, 131.0), (133.0, 130.0), (133.0, 129.0), (133.0, 128.0), (133.0, 127.0), (133.0, 126.0), (133.0, 125.0), (133.0, 124.0), (133.0, 123.0), (133.0, 122.0), (133.0, 121.0), (133.0, 120.0), (133.0, 119.0), (133.0, 118.0), (133.0, 117.0), (133.0, 116.0), (133.0, 115.0), (133.0, 114.0), (133.0, 113.0), (133.0, 112.0), (133.0, 111.0), (133.0, 110.0), (133.0, 109.0), (133.0, 108.0), (133.0, 107.0), (133.0, 106.0), (133.0, 105.0), (133.0, 104.0), (133.0, 103.0), (133.0, 102.0), (133.0, 101.0), (133.0, 100.0), (133.0, 99.0), (133.0, 98.0), (133.0, 97.0), (133.0, 96.0), (133.0, 95.0), (133.0, 94.0), (133.0, 93.0), (133.0, 92.0), (133.0, 91.0), (133.0, 90.0), (133.0, 89.0), (133.0, 88.0), (133.0, 87.0), (132.0, 87.0), (131.0, 87.0), (131.0, 86.0), (131.0, 85.0), (131.0, 84.0), (131.0, 83.0), (131.0, 82.0), (131.0, 81.0), (131.0, 80.0), (131.0, 79.0), (131.0, 78.0), (131.0, 77.0), (131.0, 76.0), (131.0, 75.0), (131.0, 74.0), (131.0, 73.0), (131.0, 72.0), (131.0, 71.0), (131.0, 70.0), (131.0, 69.0), (131.0, 68.0), (131.0, 67.0), (131.0, 66.0), (131.0, 65.0), (131.0, 64.0), (130.0, 64.0), (129.0, 64.0), (128.0, 64.0), (127.0, 64.0), (126.0, 64.0), (125.0, 64.0), (124.0, 64.0), (123.0, 64.0), (122.0, 64.0), (121.0, 64.0), (120.0, 64.0), (119.0, 64.0), (118.0, 64.0), (117.0, 64.0), (116.0, 64.0), (115.0, 64.0), (114.0, 64.0), (113.0, 64.0), (112.0, 64.0), (111.0, 64.0), (110.0, 64.0), (109.0, 64.0), (108.0, 64.0), (107.0, 64.0), (106.0, 64.0), (105.0, 64.0), (105.0, 63.0), (104.0, 63.0), (103.0, 63.0), (102.0, 63.0), (101.0, 63.0), (100.0, 63.0), (99.0, 63.0), (98.0, 63.0), (97.0, 63.0), (96.0, 63.0), (95.0, 63.0), (94.0, 63.0), (93.0, 63.0), (92.0, 63.0), (91.0, 63.0), (91.0, 62.0), (90.0, 62.0), (90.0, 61.0), (89.0, 61.0), (88.0, 61.0), (87.0, 61.0), (87.0, 60.0)]"
"(87, 60)","(131, 62)","[(87.0, 60.0), (88.0, 60.0), (89.0, 60.0), (90.0, 60.0), (91.0, 60.0), (92.0, 60.0), (93.0, 60.0), (93.0, 61.0), (94.0, 61.0), (95.0, 61.0), (96.0, 61.0), (97.0, 61.0), (98.0, 61.0), (99.0, 61.0), (100.0, 61.0), (101.0, 61.0), (102.0, 61.0), (103.0, 61.0), (104.0, 61.0), (105.0, 61.0), (106.0, 61.0), (106.0, 62.0), (107.0, 62.0), (108.0, 62.0), (109.0, 62.0), (110.0, 62.0), (111.0, 62.0), (112.0, 62.0), (113.0, 62.0), (114.0, 62.0), (115.0, 62.0), (116.0, 62.0), (117.0, 62.0), (118.0, 62.0), (119.0, 62.0), (120.0, 62.0), (121.0, 62.0), (122.0, 62.0), (123.0, 62.0), (124.0, 62.0), (125.0, 62.0), (126.0, 62.0), (127.0, 62.0), (128.0, 62.0), (129.0, 62.0), (130.0, 62.0), (131.0, 62.0)]"
"(131, 62)","(135, 118)","[(131.0, 62.0), (132.0, 62.0), (133.0, 62.0), (134.0, 62.0), (134.0, 63.0), (134.0, 64.0), (134.0, 65.0), (134.0, 66.0), (134.0, 67.0), (134.0, 68.0), (134.0, 69.0), (134.0, 70.0), (134.0, 71.0), (134.0, 72.0), (134.0, 73.0), (134.0, 74.0), (134.0, 75.0), (134.0, 76.0), (134.0, 77.0), (134.0, 78.0), (134.0, 79.0), (134.0, 80.0), (135.0, 80.0), (136.0, 80.0), (137.0, 80.0), (138.0, 80.0), (138.0, 81.0), (138.0, 82.0), (138.0, 83.0), (138.0, 84.0), (138.0, 85.0), (138.0, 86.0), (138.0, 87.0), (138.0, 88.0), (138.0, 89.0), (138.0, 90.0), (138.0, 91.0), (138.0, 92.0), (138.0, 93.0), (138.0, 94.0), (138.0, 95.0), (138.0, 96.0), (138.0, 97.0), (138.0, 98.0), (138.0, 99.0), (138.0, 100.0), (138.0, 101.0), (138.0, 102.0), (138.0, 103.0), (138.0, 104.0), (138.0, 105.0), (138.0, 106.0), (138.0, 107.0), (138.0, 108.0), (138.0, 109.0), (138.0, 110.0), (138.0, 111.0), (138.0, 112.0), (138.0, 113.0), (138.0, 114.0), (137.0, 114.0), (136.0, 114.0), (135.0, 114.0), (135.0, 115.0), (135.0, 116.0), (135.0, 117.0), (135.0, 118.0)]"
"(135, 118)","(105, 118)","[(135.0, 118.0), (134.0, 118.0), (133.0, 118.0), (132.0, 118.0), (131.0, 118.0), (130.0, 118.0), (129.0, 118.0), (128.0, 118.0), (127.0, 118.0), (126.0, 118.0), (125.0, 118.0), (124.0, 118.0), (123.0, 118.0), (122.0, 118.0), (121.0, 118.0), (120.0, 118.0), (119.0, 118.0), (118.0, 118.0), (117.0, 118.0), (116.0, 118.0), (115.0, 118.0), (114.0, 118.0), (113.0, 118.0), (112.0, 118.0), (111.0, 118.0), (110.0, 118.0), (109.0, 118.0), (108.0, 118.0), (107.0, 118.0), (106.0, 118.0), (105.0, 118.0)]"
"(105, 118)","(135, 82)","[(105.0, 118.0), (105.0, 117.0), (105.0, 116.0), (105.0, 115.0), (105.0, 114.0), (105.0, 113.0), (105.0, 112.0), (105.0, 111.0), (105.0, 110.0), (105.0, 109.0), (105.0, 108.0), (105.0, 107.0), (105.0, 106.0), (105.0, 105.0), (105.0, 104.0), (105.0, 103.0), (105.0, 102.0), (105.0, 101.0), (105.0, 100.0), (105.0, 99.0), (105.0, 98.0), (105.0, 97.0), (105.0, 96.0), (105.0, 95.0), (105.0, 94.0), (105.0, 93.0), (105.0, 92.0), (105.0, 91.0), (105.0, 90.0), (105.0, 89.0), (105.0, 88.0), (106.0, 88.0), (107.0, 88.0), (108.0, 88.0), (109.0, 88.0), (110.0, 88.0), (111.0, 88.0), (112.0, 88.0), (113.0, 88.0), (114.0, 88.0), (115.0, 88.0), (116.0, 88.0), (117.0, 88.0), (118.0, 88.0), (119.0, 88.0), (120.0, 88.0), (121.0, 88.0), (122.0, 88.0), (123.0, 88.0), (124.0, 88.0), (125.0, 88.0), (126.0, 88.0), (127.0, 88.0), (128.0, 88.0), (129.0, 88.0), (130.0, 88.0), (131.0, 88.0), (132.0, 88.0), (133.0, 88.0), (134.0, 88.0), (135.0, 88.0), (135.0, 87.0), (135.0, 86.0), (135.0, 85.0), (135.0, 84.0), (135.0, 83.0), (135.0, 82.0)]"
"(97, 98)","(91, 82)","[(97.0, 98.0), (97.0, 97.0), (97.0, 96.0), (97.0, 95.0), (97.0, 94.0), (97.0, 93.0), (97.0, 92.0), (97.0, 91.0), (97.0, 90.0), (97.0, 89.0), (97.0, 88.0), (97.0, 87.0), (96.0, 87.0), (96.0, 86.0), (96.0, 85.0), (96.0, 84.0), (95.0, 84.0), (94.0, 84.0), (94.0, 83.0), (93.0, 83.0), (92.0, 83.0), (91.0, 83.0), (91.0, 82.0)]"
"(91, 82)","(101, 118)","[(91.0, 82.0), (91.0, 83.0), (91.0, 84.0), (91.0, 85.0), (91.0, 86.0), (91.0, 87.0), (91.0, 88.0), (91.0, 89.0), (91.0, 90.0), (91.0, 91.0), (91.0, 92.0), (91.0, 93.0), (91.0, 94.0), (91.0, 95.0), (91.0, 96.0), (91.0, 97.0), (91.0, 98.0), (91.0, 99.0), (92.0, 99.0), (92.0, 100.0), (92.0, 101.0), (92.0, 102.0), (92.0, 103.0), (92.0, 104.0), (92.0, 105.0), (92.0, 106.0), (92.0, 107.0), (92.0, 108.0), (92.0, 109.0), (92.0, 110.0), (92.0, 111.0), (92.0, 112.0), (92.0, 113.0), (92.0, 114.0), (92.0, 115.0), (92.0, 116.0), (92.0, 117.0), (92.0, 118.0), (93.0, 118.0), (94.0, 118.0), (95.0, 118.0), (96.0, 118.0), (97.0, 118.0), (98.0, 118.0), (99.0, 118.0), (100.0, 118.0), (101.0, 118.0)]"
"(101, 118)","(87, 82)","[(101.0, 118.0), (101.0, 119.0), (100.0, 119.0), (100.0, 118.0), (100.0, 117.0), (100.0, 116.0), (100.0, 115.0), (100.0, 114.0), (100.0, 113.0), (100.0, 112.0), (100.0, 111.0), (100.0, 110.0), (100.0, 109.0), (100.0, 108.0), (100.0, 107.0), (100.0, 106.0), (100.0, 105.0), (100.0, 104.0), (100.0, 103.0), (100.0, 102.0), (100.0, 101.0), (100.0, 100.0), (100.0, 99.0), (100.0, 98.0), (100.0, 97.0), (100.0, 96.0), (100.0, 95.0), (100.0, 94.0), (100.0, 93.0), (100.0, 92.0), (100.0, 91.0), (100.0, 90.0), (100.0, 89.0), (100.0, 88.0), (100.0, 87.0), (100.0, 86.0), (100.0, 85.0), (99.0, 85.0), (98.0, 85.0), (97.0, 85.0), (96.0, 85.0), (95.0, 85.0), (94.0, 85.0), (94.0, 84.0), (93.0, 84.0), (92.0, 84.0), (91.0, 84.0), (90.0, 84.0), (90.0, 83.0), (89.0, 83.0), (88.0, 83.0), (87.0, 83.0), (87.0, 82.0)]"
"(87, 82)","(101, 62)","[(87.0, 82.0), (87.0, 81.0), (87.0, 80.0), (87.0, 79.0), (87.0, 78.0), (87.0, 77.0), (87.0, 76.0), (87.0, 75.0), (87.0, 74.0), (87.0, 73.0), (87.0, 72.0), (87.0, 71.0), (87.0, 70.0), (87.0, 69.0), (87.0, 68.0), (87.0, 67.0), (87.0, 66.0), (87.0, 65.0), (87.0, 64.0), (88.0, 64.0), (89.0, 64.0), (90.0, 64.0), (91.0, 64.0), (92.0, 64.0), (93.0, 64.0), (94.0, 64.0), (95.0, 64.0), (96.0, 64.0), (97.0, 64.0), (97.0, 63.0), (97.0, 62.0), (98.0, 62.0), (99.0, 62.0), (100.0, 62.0), (101.0, 62.0)]"
"(149, 62)","(151, 86)","[(149.0, 62.0), (149.0, 63.0), (149.0, 64.0), (149.0, 65.0), (149.0, 66.0), (149.0, 67.0), (149.0, 68.0), (149.0, 69.0), (149.0, 70.0), (149.0, 71.0), (149.0, 72.0), (149.0, 73.0), (149.0, 74.0), (149.0, 75.0), (149.0, 76.0), (149.0, 77.0), (149.0, 78.0), (149.0, 79.0), (149.0, 80.0), (149.0, 81.0), (149.0, 82.0), (149.0, 83.0), (149.0, 84.0), (149.0, 85.0), (149.0, 86.0), (150.0, 86.0), (151.0, 86.0)]"
"(145, 62)","(137, 58)","[(145.0, 62.0), (145.0, 61.0), (145.0, 60.0), (145.0, 59.0), (144.0, 59.0), (143.0, 59.0), (142.0, 59.0), (141.0, 59.0), (140.0, 59.0), (139.0, 59.0), (138.0, 59.0), (137.0, 59.0), (137.0, 58.0)]"
"(77, 82)","(85, 58)","[(77.0, 82.0), (77.0, 81.0), (77.0, 80.0), (77.0, 79.0), (77.0, 78.0), (77.0, 77.0), (77.0, 76.0), (77.0, 75.0), (77.0, 74.0), (77.0, 73.0), (77.0, 72.0), (77.0, 71.0), (77.0, 70.0), (77.0, 69.0), (77.0, 68.0), (77.0, 67.0), (77.0, 66.0), (77.0, 65.0), (77.0, 64.0), (77.0, 63.0), (77.0, 62.0), (77.0, 61.0), (77.0, 60.0), (77.0, 59.0), (77.0, 58.0), (78.0, 58.0), (79.0, 58.0), (80.0, 58.0), (81.0, 58.0), (82.0, 58.0), (83.0, 58.0), (84.0, 58.0), (85.0, 58.0)]"
"(73, 82)","(97, 86)","[(73.0, 82.0), (74.0, 82.0), (75.0, 82.0), (76.0, 82.0), (77.0, 82.0), (78.0, 82.0), (79.0, 82.0), (80.0, 82.0), (81.0, 82.0), (82.0, 82.0), (83.0, 82.0), (84.0, 82.0), (85.0, 82.0), (86.0, 82.0), (87.0, 82.0), (88.0, 82.0), (89.0, 82.0), (90.0, 82.0), (91.0, 82.0), (92.0, 82.0), (93.0, 82.0), (94.0, 82.0), (95.0, 82.0), (96.0, 82.0), (97.0, 82.0), (97.0, 83.0), (97.0, 84.0), (97.0, 85.0), (97.0, 86.0)]"
"(37, 82)","(105, 86)","[(37.0, 82.0), (37.0, 81.0), (37.0, 80.0), (38.0, 80.0), (39.0, 80.0), (40.0, 80.0), (41.0, 80.0), (42.0, 80.0), (43.0, 80.0), (44.0, 80.0), (45.0, 80.0), (46.0, 80.0), (47.0, 80.0), (48.0, 80.0), (49.0, 80.0), (50.0, 80.0), (51.0, 80.0), (52.0, 80.0), (53.0, 80.0), (54.0, 80.0), (55.0, 80.0), (56.0, 80.0), (57.0, 80.0), (58.0, 80.0), (59.0, 80.0), (60.0, 80.0), (61.0, 80.0), (62.0, 80.0), (63.0, 80.0), (64.0, 80.0), (65.0, 80.0), (66.0, 80.0), (67.0, 80.0), (68.0, 80.0), (69.0, 80.0), (70.0, 80.0), (71.0, 80.0), (72.0, 80.0), (73.0, 80.0), (74.0, 80.0), (75.0, 80.0), (76.0, 80.0), (77.0, 80.0), (78.0, 80.0), (79.0, 80.0), (80.0, 80.0), (81.0, 80.0), (82.0, 80.0), (83.0, 80.0), (84.0, 80.0), (85.0, 80.0), (86.0, 80.0), (87.0, 80.0), (88.0, 80.0), (88.0, 81.0), (89.0, 81.0), (90.0, 81.0), (91.0, 81.0), (92.0, 81.0), (93.0, 81.0), (94.0, 81.0), (95.0, 81.0), (96.0, 81.0), (97.0, 81.0), (97.0, 82.0), (98.0, 82.0), (98.0, 83.0), (98.0, 84.0), (98.0, 85.0), (98.0, 86.0), (99.0, 86.0), (100.0, 86.0), (101.0, 86.0), (102.0, 86.0), (103.0, 86.0), (104.0, 86.0), (105.0, 86.0)]"
"(53, 82)","(67, 84)","[(53.0, 82.0), (53.0, 83.0), (53.0, 84.0), (54.0, 84.0), (55.0, 84.0), (56.0, 84.0), (57.0, 84.0), (58.0, 84.0), (59.0, 84.0), (60.0, 84.0), (61.0, 84.0), (62.0, 84.0), (63.0, 84.0), (64.0, 84.0), (65.0, 84.0), (66.0, 84.0), (67.0, 84.0)]"
"(147, 134)","(159, 122)","[(147.0, 134.0), (147.0, 133.0), (147.0, 132.0), (147.0, 131.0), (147.0, 130.0), (147.0, 129.0), (147.0, 128.0), (147.0, 127.0), (147.0, 126.0), (147.0, 125.0), (147.0, 124.0), (147.0, 123.0), (148.0, 123.0), (148.0, 122.0), (149.0, 122.0), (150.0, 122.0), (151.0, 122.0), (152.0, 122.0), (153.0, 122.0), (154.0, 122.0), (155.0, 122.0), (156.0, 122.0), (157.0, 122.0), (158.0, 122.0), (159.0, 122.0)]"
"(143, 134)","(135, 130)","[(143.0, 134.0), (143.0, 133.0), (143.0, 132.0), (143.0, 131.0), (142.0, 131.0), (141.0, 131.0), (140.0, 131.0), (139.0, 131.0), (138.0, 131.0), (137.0, 131.0), (136.0, 131.0), (135.0, 131.0), (135.0, 130.0)]"
"(59, 130)","(47, 96)","[(59.0, 130.0), (59.0, 129.0), (59.0, 128.0), (59.0, 127.0), (59.0, 126.0), (59.0, 125.0), (59.0, 124.0), (59.0, 123.0), (59.0, 122.0), (59.0, 121.0), (59.0, 120.0), (59.0, 119.0), (59.0, 118.0), (59.0, 117.0), (59.0, 116.0), (59.0, 115.0), (59.0, 114.0), (59.0, 113.0), (59.0, 112.0), (59.0, 111.0), (59.0, 110.0), (59.0, 109.0), (59.0, 108.0), (59.0, 107.0), (59.0, 106.0), (59.0, 105.0), (59.0, 104.0), (59.0, 103.0), (59.0, 102.0), (59.0, 101.0), (59.0, 100.0), (59.0, 99.0), (59.0, 98.0), (59.0, 97.0), (58.0, 97.0), (57.0, 97.0), (56.0, 97.0), (55.0, 97.0), (54.0, 97.0), (53.0, 97.0), (52.0, 97.0), (51.0, 97.0), (50.0, 97.0), (49.0, 97.0), (48.0, 97.0), (47.0, 97.0), (47.0, 96.0)]"
"(25, 98)","(141, 134)","[(25.0, 98.0), (25.0, 99.0), (25.0, 100.0), (25.0, 101.0), (25.0, 102.0), (25.0, 103.0), (25.0, 104.0), (25.0, 105.0), (25.0, 106.0), (25.0, 107.0), (25.0, 108.0), (25.0, 109.0), (25.0, 110.0), (25.0, 111.0), (25.0, 112.0), (25.0, 113.0), (25.0, 114.0), (25.0, 115.0), (25.0, 116.0), (25.0, 117.0), (25.0, 118.0), (25.0, 119.0), (25.0, 120.0), (25.0, 121.0), (25.0, 122.0), (25.0, 123.0), (25.0, 124.0), (25.0, 125.0), (25.0, 126.0), (25.0, 127.0), (25.0, 128.0), (25.0, 129.0), (25.0, 130.0), (25.0, 131.0), (26.0, 131.0), (27.0, 131.0), (28.0, 131.0), (29.0, 131.0), (30.0, 131.0), (31.0, 131.0), (32.0, 131.0), (33.0, 131.0), (34.0, 131.0), (35.0, 131.0), (36.0, 131.0), (37.0, 131.0), (38.0, 131.0), (39.0, 131.0), (40.0, 131.0), (41.0, 131.0), (42.0, 131.0), (43.0, 131.0), (44.0, 131.0), (45.0, 131.0), (46.0, 131.0), (47.0, 131.0), (48.0, 131.0), (49.0, 131.0), (50.0, 131.0), (50.0, 132.0), (51.0, 132.0), (52.0, 132.0), (53.0, 132.0), (54.0, 132.0), (55.0, 132.0), (56.0, 132.0), (57.0, 132.0), (58.0, 132.0), (59.0, 132.0), (60.0, 132.0), (61.0, 132.0), (62.0, 132.0), (63.0, 132.0), (64.0, 132.0), (65.0, 132.0), (66.0, 132.0), (67.0, 132.0), (68.0, 132.0), (69.0, 132.0), (70.0, 132.0), (71.0, 132.0), (72.0, 132.0), (73.0, 132.0), (74.0, 132.0), (75.0, 132.0), (76.0, 132.0), (77.0, 132.0), (78.0, 132.0), (79.0, 132.0), (80.0, 132.0), (81.0, 132.0), (82.0, 132.0), (83.0, 132.0), (84.0, 132.0), (85.0, 132.0), (86.0, 132.0), (87.0, 132.0), (88.0, 132.0), (89.0, 132.0), (90.0, 132.0), (91.0, 132.0), (92.0, 132.0), (93.0, 132.0), (94.0, 132.0), (95.0, 132.0), (96.0, 132.0), (97.0, 132.0), (98.0, 132.0), (99.0, 132.0), (100.0, 132.0), (100.0, 133.0), (101.0, 133.0), (102.0, 133.0), (103.0, 133.0), (104.0, 133.0), (105.0, 133.0), (106.0, 133.0), (107.0, 133.0), (108.0, 133.0), (109.0, 133.0), (110.0, 133.0), (111.0, 133.0), (112.0, 133.0), (113.0, 133.0), (114.0, 133.0), (115.0, 133.0), (116.0, 133.0), (117.0, 133.0), (118.0, 133.0), (119.0, 133.0), (120.0, 133.0), (121.0, 133.0), (122.0, 133.0), (123.0, 133.0), (124.0, 133.0), (125.0, 133.0), (126.0, 133.0), (127.0, 133.0), (128.0, 133.0), (128.0, 134.0), (129.0, 134.0), (130.0, 134.0), (131.0, 134.0), (132.0, 134.0), (133.0, 134.0), (134.0, 134.0), (135.0, 134.0), (136.0, 134.0), (137.0, 134.0), (138.0, 134.0), (139.0, 134.0), (140.0, 134.0), (141.0, 134.0)]"
"(141, 134)","(147, 122)","[(141.0, 134.0), (141.0, 133.0), (141.0, 132.0), (141.0, 131.0), (141.0, 130.0), (141.0, 129.0), (141.0, 128.0), (141.0, 127.0), (141.0, 126.0), (141.0, 125.0), (141.0, 124.0), (141.0, 123.0), (141.0, 122.0), (142.0, 122.0), (143.0, 122.0), (144.0, 122.0), (145.0, 122.0), (146.0, 122.0), (147.0, 122.0)]"
"(9, 98)","(11, 84)","[(9.0, 98.0), (9.0, 97.0), (9.0, 96.0), (9.0, 95.0), (9.0, 94.0), (9.0, 93.0), (9.0, 92.0), (9.0, 91.0), (9.0, 90.0), (9.0, 89.0), (9.0, 88.0), (9.0, 87.0), (9.0, 86.0), (9.0, 85.0), (9.0, 84.0), (10.0, 84.0), (11.0, 84.0)]"
"(31, 24)","(71, 82)","[(31.0, 24.0), (31.0, 25.0), (31.0, 26.0), (31.0, 27.0), (31.0, 28.0), (31.0, 29.0), (31.0, 30.0), (31.0, 31.0), (31.0, 32.0), (31.0, 33.0), (31.0, 34.0), (31.0, 35.0), (31.0, 36.0), (31.0, 37.0), (31.0, 38.0), (31.0, 39.0), (31.0, 40.0), (31.0, 41.0), (31.0, 42.0), (31.0, 43.0), (31.0, 44.0), (31.0, 45.0), (31.0, 46.0), (31.0, 47.0), (31.0, 48.0), (31.0, 49.0), (31.0, 50.0), (31.0, 51.0), (31.0, 52.0), (31.0, 53.0), (31.0, 54.0), (31.0, 55.0), (31.0, 56.0), (31.0, 57.0), (31.0, 58.0), (31.0, 59.0), (31.0, 60.0), (31.0, 61.0), (31.0, 62.0), (31.0, 63.0), (31.0, 64.0), (31.0, 65.0), (31.0, 66.0), (31.0, 67.0), (31.0, 68.0), (31.0, 69.0), (31.0, 70.0), (31.0, 71.0), (31.0, 72.0), (31.0, 73.0), (31.0, 74.0), (31.0, 75.0), (31.0, 76.0), (31.0, 77.0), (31.0, 78.0), (31.0, 79.0), (31.0, 80.0), (31.0, 81.0), (31.0, 82.0), (32.0, 82.0), (33.0, 82.0), (34.0, 82.0), (35.0, 82.0), (36.0, 82.0), (37.0, 82.0), (38.0, 82.0), (39.0, 82.0), (40.0, 82.0), (41.0, 82.0), (42.0, 82.0), (43.0, 82.0), (44.0, 82.0), (45.0, 82.0), (46.0, 82.0), (47.0, 82.0), (48.0, 82.0), (49.0, 82.0), (50.0, 82.0), (51.0, 82.0), (52.0, 82.0), (53.0, 82.0), (54.0, 82.0), (55.0, 82.0), (56.0, 82.0), (57.0, 82.0), (58.0, 82.0), (59.0, 82.0), (60.0, 82.0), (61.0, 82.0), (62.0, 82.0), (63.0, 82.0), (64.0, 82.0), (65.0, 82.0), (66.0, 82.0), (67.0, 82.0), (68.0, 82.0), (69.0, 82.0), (70.0, 82.0), (71.0, 82.0)]"
"(71, 82)","(93, 58)","[(71.0, 82.0), (71.0, 81.0), (71.0, 80.0), (71.0, 79.0), (71.0, 78.0), (71.0, 77.0), (71.0, 76.0), (71.0, 75.0), (71.0, 74.0), (71.0, 73.0), (71.0, 72.0), (71.0, 71.0), (71.0, 70.0), (71.0, 69.0), (71.0, 68.0), (71.0, 67.0), (71.0, 66.0), (71.0, 65.0), (71.0, 64.0), (71.0, 63.0), (71.0, 62.0), (71.0, 61.0), (71.0, 60.0), (71.0, 59.0), (72.0, 59.0), (73.0, 59.0), (74.0, 59.0), (75.0, 59.0), (76.0, 59.0), (77.0, 59.0), (78.0, 59.0), (79.0, 59.0), (80.0, 59.0), (81.0, 59.0), (82.0, 59.0), (83.0, 59.0), (84.0, 59.0), (85.0, 59.0), (85.0, 58.0), (86.0, 58.0), (87.0, 58.0), (88.0, 58.0), (89.0, 58.0), (90.0, 58.0), (91.0, 58.0), (92.0, 58.0), (93.0, 58.0)]"
"(69, 26)","(139, 60)","[(69.0, 26.0), (69.0, 27.0), (69.0, 28.0), (69.0, 29.0), (69.0, 30.0), (69.0, 31.0), (69.0, 32.0), (69.0, 33.0), (69.0, 34.0), (69.0, 35.0), (69.0, 36.0), (69.0, 37.0), (69.0, 38.0), (69.0, 39.0), (69.0, 40.0), (69.0, 41.0), (69.0, 42.0), (69.0, 43.0), (69.0, 44.0), (69.0, 45.0), (69.0, 46.0), (69.0, 47.0), (69.0, 48.0), (69.0, 49.0), (69.0, 50.0), (69.0, 51.0), (69.0, 52.0), (69.0, 53.0), (69.0, 54.0), (69.0, 55.0), (69.0, 56.0), (69.0, 57.0), (70.0, 57.0), (71.0, 57.0), (72.0, 57.0), (73.0, 57.0), (74.0, 57.0), (75.0, 57.0), (76.0, 57.0), (77.0, 57.0), (78.0, 57.0), (79.0, 57.0), (80.0, 57.0), (81.0, 57.0), (82.0, 57.0), (83.0, 57.0), (84.0, 57.0), (85.0, 57.0), (86.0, 57.0), (87.0, 57.0), (87.0, 58.0), (87.0, 59.0), (88.0, 59.0), (89.0, 59.0), (90.0, 59.0), (91.0, 59.0), (92.0, 59.0), (93.0, 59.0), (94.0, 59.0), (95.0, 59.0), (96.0, 59.0), (97.0, 59.0), (98.0, 59.0), (99.0, 59.0), (100.0, 59.0), (101.0, 59.0), (102.0, 59.0), (103.0, 59.0), (104.0, 59.0), (105.0, 59.0), (106.0, 59.0), (107.0, 59.0), (108.0, 59.0), (109.0, 59.0), (110.0, 59.0), (111.0, 59.0), (112.0, 59.0), (113.0, 59.0), (114.0, 59.0), (115.0, 59.0), (116.0, 59.0), (117.0, 59.0), (118.0, 59.0), (119.0, 59.0), (120.0, 59.0), (121.0, 59.0), (122.0, 59.0), (123.0, 59.0), (124.0, 59.0), (125.0, 59.0), (126.0, 59.0), (127.0, 59.0), (128.0, 59.0), (129.0, 59.0), (130.0, 59.0), (131.0, 59.0), (132.0, 59.0), (133.0, 59.0), (134.0, 59.0), (134.0, 60.0), (135.0, 60.0), (136.0, 60.0), (137.0, 60.0), (138.0, 60.0), (139.0, 60.0)]"
"(15, 60)","(57, 94)","[(15.0, 60.0), (15.0, 61.0), (15.0, 62.0), (15.0, 63.0), (15.0, 64.0), (15.0, 65.0), (15.0, 66.0), (15.0, 67.0), (15.0, 68.0), (15.0, 69.0), (15.0, 70.0), (15.0, 71.0), (15.0, 72.0), (15.0, 73.0), (15.0, 74.0), (15.0, 75.0), (15.0, 76.0), (15.0, 77.0), (15.0, 78.0), (15.0, 79.0), (15.0, 80.0), (15.0, 81.0), (15.0, 82.0), (15.0, 83.0), (15.0, 84.0), (15.0, 85.0), (15.0, 86.0), (15.0, 87.0), (15.0, 88.0), (15.0, 89.0), (15.0, 90.0), (15.0, 91.0), (15.0, 92.0), (15.0, 93.0), (15.0, 94.0), (16.0, 94.0), (17.0, 94.0), (18.0, 94.0), (19.0, 94.0), (20.0, 94.0), (21.0, 94.0), (22.0, 94.0), (23.0, 94.0), (24.0, 94.0), (25.0, 94.0), (26.0, 94.0), (27.0, 94.0), (28.0, 94.0), (29.0, 94.0), (30.0, 94.0), (31.0, 94.0), (32.0, 94.0), (33.0, 94.0), (34.0, 94.0), (35.0, 94.0), (36.0, 94.0), (37.0, 94.0), (38.0, 94.0), (39.0, 94.0), (40.0, 94.0), (41.0, 94.0), (42.0, 94.0), (43.0, 94.0), (44.0, 94.0), (45.0, 94.0), (46.0, 94.0), (47.0, 94.0), (48.0, 94.0), (49.0, 94.0), (50.0, 94.0), (51.0, 94.0), (52.0, 94.0), (53.0, 94.0), (54.0, 94.0), (55.0, 94.0), (56.0, 94.0), (57.0, 94.0)]"
"(37, 64)","(5, 78)","[(37.0, 64.0), (37.0, 65.0), (37.0, 66.0), (37.0, 67.0), (37.0, 68.0), (37.0, 69.0), (37.0, 70.0), (37.0, 71.0), (37.0, 72.0), (37.0, 73.0), (37.0, 74.0), (37.0, 75.0), (37.0, 76.0), (37.0, 77.0), (36.0, 77.0), (35.0, 77.0), (34.0, 77.0), (33.0, 77.0), (32.0, 77.0), (31.0, 77.0), (30.0, 77.0), (29.0, 77.0), (28.0, 77.0), (27.0, 77.0), (26.0, 77.0), (25.0, 77.0), (24.0, 77.0), (23.0, 77.0), (22.0, 77.0), (21.0, 77.0), (20.0, 77.0), (19.0, 77.0), (18.0, 77.0), (17.0, 77.0), (16.0, 77.0), (15.0, 77.0), (14.0, 77.0), (13.0, 77.0), (12.0, 77.0), (11.0, 77.0), (10.0, 77.0), (9.0, 77.0), (8.0, 77.0), (7.0, 77.0), (6.0, 77.0), (5.0, 77.0), (5.0, 78.0)]"
"(53, 62)","(53, 40)","[(53.0, 62.0), (53.0, 61.0), (53.0, 60.0), (53.0, 59.0), (53.0, 58.0), (53.0, 57.0), (53.0, 56.0), (53.0, 55.0), (53.0, 54.0), (53.0, 53.0), (53.0, 52.0), (53.0, 51.0), (53.0, 50.0), (53.0, 49.0), (53.0, 48.0), (53.0, 47.0), (53.0, 46.0), (53.0, 45.0), (53.0, 44.0), (53.0, 43.0), (53.0, 42.0), (53.0, 41.0), (53.0, 40.0)]"
"(53, 40)","(25, 40)","[(53.0, 40.0), (52.0, 40.0), (51.0, 40.0), (50.0, 40.0), (49.0, 40.0), (48.0, 40.0), (47.0, 40.0), (46.0, 40.0), (45.0, 40.0), (44.0, 40.0), (43.0, 40.0), (42.0, 40.0), (41.0, 40.0), (40.0, 40.0), (39.0, 40.0), (38.0, 40.0), (37.0, 40.0), (36.0, 40.0), (35.0, 40.0), (34.0, 40.0), (33.0, 40.0), (32.0, 40.0), (31.0, 40.0), (30.0, 40.0), (29.0, 40.0), (28.0, 40.0), (27.0, 40.0), (26.0, 40.0), (25.0, 40.0)]"
"(25, 40)","(25, 28)","[(25.0, 40.0), (25.0, 39.0), (25.0, 38.0), (25.0, 37.0), (25.0, 36.0), (25.0, 35.0), (25.0, 34.0), (25.0, 33.0), (25.0, 32.0), (25.0, 31.0), (25.0, 30.0), (25.0, 29.0), (25.0, 28.0)]"
"(155, 28)","(153, 76)","[(155.0, 28.0), (155.0, 29.0), (155.0, 30.0), (155.0, 31.0), (155.0, 32.0), (155.0, 33.0), (155.0, 34.0), (155.0, 35.0), (155.0, 36.0), (155.0, 37.0), (155.0, 38.0), (155.0, 39.0), (155.0, 40.0), (155.0, 41.0), (155.0, 42.0), (155.0, 43.0), (155.0, 44.0), (155.0, 45.0), (155.0, 46.0), (155.0, 47.0), (155.0, 48.0), (155.0, 49.0), (155.0, 50.0), (155.0, 51.0), (155.0, 52.0), (155.0, 53.0), (155.0, 54.0), (155.0, 55.0), (155.0, 56.0), (155.0, 57.0), (155.0, 58.0), (155.0, 59.0), (155.0, 60.0), (155.0, 61.0), (155.0, 62.0), (155.0, 63.0), (155.0, 64.0), (155.0, 65.0), (155.0, 66.0), (155.0, 67.0), (155.0, 68.0), (155.0, 69.0), (155.0, 70.0), (155.0, 71.0), (155.0, 72.0), (155.0, 73.0), (155.0, 74.0), (155.0, 75.0), (154.0, 75.0), (153.0, 75.0), (153.0, 76.0)]"
"(171, 28)","(143, 76)","[(171.0, 28.0), (171.0, 29.0), (171.0, 30.0), (171.0, 31.0), (171.0, 32.0), (171.0, 33.0), (171.0, 34.0), (171.0, 35.0), (171.0, 36.0), (171.0, 37.0), (171.0, 38.0), (171.0, 39.0), (171.0, 40.0), (171.0, 41.0), (171.0, 42.0), (171.0, 43.0), (171.0, 44.0), (171.0, 45.0), (171.0, 46.0), (171.0, 47.0), (171.0, 48.0), (171.0, 49.0), (171.0, 50.0), (171.0, 51.0), (171.0, 52.0), (171.0, 53.0), (171.0, 54.0), (171.0, 55.0), (171.0, 56.0), (171.0, 57.0), (171.0, 58.0), (171.0, 59.0), (171.0, 60.0), (171.0, 61.0), (171.0, 62.0), (171.0, 63.0), (171.0, 64.0), (171.0, 65.0), (171.0, 66.0), (171.0, 67.0), (171.0, 68.0), (171.0, 69.0), (171.0, 70.0), (171.0, 71.0), (171.0, 72.0), (171.0, 73.0), (171.0, 74.0), (170.0, 74.0), (169.0, 74.0), (168.0, 74.0), (167.0, 74.0), (166.0, 74.0), (165.0, 74.0), (164.0, 74.0), (163.0, 74.0), (162.0, 74.0), (161.0, 74.0), (160.0, 74.0), (159.0, 74.0), (158.0, 74.0), (157.0, 74.0), (156.0, 74.0), (155.0, 74.0), (154.0, 74.0), (153.0, 74.0), (153.0, 75.0), (152.0, 75.0), (151.0, 75.0), (150.0, 75.0), (149.0, 75.0), (148.0, 75.0), (147.0, 75.0), (146.0, 75.0), (145.0, 75.0), (144.0, 75.0), (143.0, 75.0), (143.0, 76.0)]"
"(143, 76)","(143, 64)","[(143.0, 76.0), (143.0, 75.0), (143.0, 74.0), (143.0, 73.0), (143.0, 72.0), (143.0, 71.0), (143.0, 70.0), (143.0, 69.0), (143.0, 68.0), (143.0, 67.0), (143.0, 66.0), (143.0, 65.0), (143.0, 64.0)]"
"(55, 12)","(5, 58)","[(55.0, 12.0), (55.0, 13.0), (55.0, 14.0), (55.0, 15.0), (55.0, 16.0), (55.0, 17.0), (55.0, 18.0), (55.0, 19.0), (55.0, 20.0), (55.0, 21.0), (55.0, 22.0), (55.0, 23.0), (55.0, 24.0), (55.0, 25.0), (55.0, 26.0), (55.0, 27.0), (55.0, 28.0), (55.0, 29.0), (55.0, 30.0), (55.0, 31.0), (55.0, 32.0), (55.0, 33.0), (55.0, 34.0), (55.0, 35.0), (55.0, 36.0), (55.0, 37.0), (55.0, 38.0), (55.0, 39.0), (55.0, 40.0), (55.0, 41.0), (55.0, 42.0), (55.0, 43.0), (55.0, 44.0), (55.0, 45.0), (55.0, 46.0), (55.0, 47.0), (55.0, 48.0), (55.0, 49.0), (55.0, 50.0), (55.0, 51.0), (55.0, 52.0), (55.0, 53.0), (55.0, 54.0), (55.0, 55.0), (55.0, 56.0), (55.0, 57.0), (54.0, 57.0), (53.0, 57.0), (52.0, 57.0), (51.0, 57.0), (50.0, 57.0), (49.0, 57.0), (48.0, 57.0), (47.0, 57.0), (46.0, 57.0), (45.0, 57.0), (44.0, 57.0), (43.0, 57.0), (42.0, 57.0), (41.0, 57.0), (40.0, 57.0), (39.0, 57.0), (38.0, 57.0), (37.0, 57.0), (36.0, 57.0), (35.0, 57.0), (34.0, 57.0), (33.0, 57.0), (32.0, 57.0), (31.0, 57.0), (30.0, 57.0), (29.0, 57.0), (28.0, 57.0), (27.0, 57.0), (26.0, 57.0), (25.0, 57.0), (24.0, 57.0), (23.0, 57.0), (22.0, 57.0), (21.0, 57.0), (20.0, 57.0), (19.0, 57.0), (18.0, 57.0), (17.0, 57.0), (16.0, 57.0), (15.0, 57.0), (14.0, 57.0), (13.0, 57.0), (12.0, 57.0), (11.0, 57.0), (10.0, 57.0), (9.0, 57.0), (8.0, 57.0), (7.0, 57.0), (6.0, 57.0), (5.0, 57.0), (5.0, 58.0)]"
"(33, 10)","(21, 22)","[(33.0, 10.0), (33.0, 11.0), (33.0, 12.0), (33.0, 13.0), (33.0, 14.0), (33.0, 15.0), (33.0, 16.0), (33.0, 17.0), (33.0, 18.0), (33.0, 19.0), (33.0, 20.0), (33.0, 21.0), (32.0, 21.0), (31.0, 21.0), (30.0, 21.0), (29.0, 21.0), (28.0, 21.0), (27.0, 21.0), (26.0, 21.0), (25.0, 21.0), (24.0, 21.0), (23.0, 21.0), (22.0, 21.0), (21.0, 21.0), (21.0, 22.0)]"
"(127, 24)","(17, 10)","[(127.0, 24.0), (127.0, 23.0), (127.0, 22.0), (127.0, 21.0), (127.0, 20.0), (127.0, 19.0), (127.0, 18.0), (127.0, 17.0), (127.0, 16.0), (127.0, 15.0), (127.0, 14.0), (127.0, 13.0), (127.0, 12.0), (126.0, 12.0), (125.0, 12.0), (124.0, 12.0), (123.0, 12.0), (122.0, 12.0), (121.0, 12.0), (120.0, 12.0), (119.0, 12.0), (118.0, 12.0), (117.0, 12.0), (116.0, 12.0), (115.0, 12.0), (114.0, 12.0), (113.0, 12.0), (112.0, 12.0), (111.0, 12.0), (110.0, 12.0), (109.0, 12.0), (108.0, 12.0), (107.0, 12.0), (106.0, 12.0), (105.0, 12.0), (104.0, 12.0), (103.0, 12.0), (102.0, 12.0), (101.0, 12.0), (100.0, 12.0), (99.0, 12.0), (98.0, 12.0), (97.0, 12.0), (96.0, 12.0), (95.0, 12.0), (94.0, 12.0), (93.0, 12.0), (92.0, 12.0), (91.0, 12.0), (90.0, 12.0), (89.0, 12.0), (88.0, 12.0), (87.0, 12.0), (86.0, 12.0), (85.0, 12.0), (84.0, 12.0), (83.0, 12.0), (82.0, 12.0), (81.0, 12.0), (80.0, 12.0), (79.0, 12.0), (78.0, 12.0), (77.0, 12.0), (76.0, 12.0), (75.0, 12.0), (74.0, 12.0), (73.0, 12.0), (72.0, 12.0), (71.0, 12.0), (70.0, 12.0), (69.0, 12.0), (68.0, 12.0), (67.0, 12.0), (66.0, 12.0), (65.0, 12.0), (64.0, 12.0), (63.0, 12.0), (62.0, 12.0), (61.0, 12.0), (60.0, 12.0), (59.0, 12.0), (58.0, 12.0), (57.0, 12.0), (56.0, 12.0), (55.0, 12.0), (54.0, 12.0), (53.0, 12.0), (52.0, 12.0), (51.0, 12.0), (50.0, 12.0), (49.0, 12.0), (48.0, 12.0), (47.0, 12.0), (46.0, 12.0), (45.0, 12.0), (44.0, 12.0), (43.0, 12.0), (42.0, 12.0), (41.0, 12.0), (40.0, 12.0), (39.0, 12.0), (38.0, 12.0), (37.0, 12.0), (36.0, 12.0), (35.0, 12.0), (34.0, 12.0), (33.0, 12.0), (32.0, 12.0), (32.0, 11.0), (31.0, 11.0), (30.0, 11.0), (29.0, 11.0), (28.0, 11.0), (27.0, 11.0), (26.0, 11.0), (25.0, 11.0), (24.0, 11.0), (23.0, 11.0), (22.0, 11.0), (21.0, 11.0), (20.0, 11.0), (19.0, 11.0), (18.0, 11.0), (17.0, 11.0), (17.0, 10.0)]"
"(95, 24)","(95, 10)","[(95.0, 24.0), (95.0, 23.0), (95.0, 22.0), (95.0, 21.0), (95.0, 20.0), (95.0, 19.0), (95.0, 18.0), (95.0, 17.0), (95.0, 16.0), (95.0, 15.0), (95.0, 14.0), (95.0, 13.0), (95.0, 12.0), (95.0, 11.0), (95.0, 10.0)]"
"(167, 44)","(161, 10)","[(167.0, 44.0), (167.0, 43.0), (167.0, 42.0), (167.0, 41.0), (167.0, 40.0), (167.0, 39.0), (167.0, 38.0), (167.0, 37.0), (167.0, 36.0), (167.0, 35.0), (167.0, 34.0), (167.0, 33.0), (167.0, 32.0), (167.0, 31.0), (167.0, 30.0), (167.0, 29.0), (167.0, 28.0), (167.0, 27.0), (167.0, 26.0), (167.0, 25.0), (167.0, 24.0), (167.0, 23.0), (167.0, 22.0), (167.0, 21.0), (167.0, 20.0), (167.0, 19.0), (167.0, 18.0), (167.0, 17.0), (167.0, 16.0), (167.0, 15.0), (167.0, 14.0), (167.0, 13.0), (167.0, 12.0), (167.0, 11.0), (166.0, 11.0), (165.0, 11.0), (164.0, 11.0), (163.0, 11.0), (162.0, 11.0), (161.0, 11.0), (161.0, 10.0)]"
"(161, 10)","(105, 26)","[(161.0, 10.0), (161.0, 11.0), (161.0, 12.0), (161.0, 13.0), (161.0, 14.0), (161.0, 15.0), (161.0, 16.0), (161.0, 17.0), (161.0, 18.0), (161.0, 19.0), (161.0, 20.0), (161.0, 21.0), (161.0, 22.0), (161.0, 23.0), (161.0, 24.0), (161.0, 25.0), (160.0, 25.0), (159.0, 25.0), (158.0, 25.0), (157.0, 25.0), (156.0, 25.0), (155.0, 25.0), (154.0, 25.0), (153.0, 25.0), (152.0, 25.0), (151.0, 25.0), (150.0, 25.0), (149.0, 25.0), (148.0, 25.0), (147.0, 25.0), (146.0, 25.0), (145.0, 25.0), (144.0, 25.0), (143.0, 25.0), (142.0, 25.0), (141.0, 25.0), (140.0, 25.0), (139.0, 25.0), (138.0, 25.0), (137.0, 25.0), (136.0, 25.0), (135.0, 25.0), (134.0, 25.0), (133.0, 25.0), (132.0, 25.0), (131.0, 25.0), (130.0, 25.0), (129.0, 25.0), (128.0, 25.0), (127.0, 25.0), (126.0, 25.0), (125.0, 25.0), (124.0, 25.0), (123.0, 25.0), (122.0, 25.0), (121.0, 25.0), (120.0, 25.0), (119.0, 25.0), (118.0, 25.0), (117.0, 25.0), (116.0, 25.0), (115.0, 25.0), (114.0, 25.0), (113.0, 25.0), (112.0, 25.0), (111.0, 25.0), (110.0, 25.0), (109.0, 25.0), (108.0, 25.0), (107.0, 25.0), (106.0, 25.0), (105.0, 25.0), (105.0, 26.0)]"
"(105, 26)","(99, 8)","[(105.0, 26.0), (105.0, 25.0), (105.0, 24.0), (105.0, 23.0), (105.0, 22.0), (105.0, 21.0), (105.0, 20.0), (105.0, 19.0), (105.0, 18.0), (105.0, 17.0), (105.0, 16.0), (105.0, 15.0), (105.0, 14.0), (105.0, 13.0), (105.0, 12.0), (105.0, 11.0), (104.0, 11.0), (104.0, 10.0), (104.0, 9.0), (103.0, 9.0), (102.0, 9.0), (101.0, 9.0), (100.0, 9.0), (99.0, 9.0), (99.0, 8.0)]"
"(143, 10)","(123, 22)","[(143.0, 10.0), (143.0, 11.0), (143.0, 12.0), (143.0, 13.0), (143.0, 14.0), (143.0, 15.0), (143.0, 16.0), (143.0, 17.0), (143.0, 18.0), (143.0, 19.0), (143.0, 20.0), (143.0, 21.0), (142.0, 21.0), (141.0, 21.0), (140.0, 21.0), (139.0, 21.0), (138.0, 21.0), (137.0, 21.0), (136.0, 21.0), (135.0, 21.0), (134.0, 21.0), (133.0, 21.0), (132.0, 21.0), (131.0, 21.0), (130.0, 21.0), (129.0, 21.0), (128.0, 21.0), (127.0, 21.0), (126.0, 21.0), (125.0, 21.0), (124.0, 21.0), (123.0, 21.0), (123.0, 22.0)]"
"(123, 22)","(107, 22)","[(123.0, 22.0), (122.0, 22.0), (121.0, 22.0), (120.0, 22.0), (119.0, 22.0), (118.0, 22.0), (117.0, 22.0), (116.0, 22.0), (115.0, 22.0), (114.0, 22.0), (113.0, 22.0), (112.0, 22.0), (111.0, 22.0), (110.0, 22.0), (109.0, 22.0), (108.0, 22.0), (107.0, 22.0)]"
"(107, 22)","(105, 10)","[(107.0, 22.0), (107.0, 21.0), (107.0, 20.0), (107.0, 19.0), (107.0, 18.0), (107.0, 17.0), (107.0, 16.0), (107.0, 15.0), (107.0, 14.0), (107.0, 13.0), (107.0, 12.0), (107.0, 11.0), (106.0, 11.0), (105.0, 11.0), (105.0, 10.0)]"
"(105, 10)","(101, 26)","[(105.0, 10.0), (105.0, 9.0), (105.0, 8.0), (104.0, 8.0), (103.0, 8.0), (102.0, 8.0), (102.0, 9.0), (102.0, 10.0), (102.0, 11.0), (102.0, 12.0), (102.0, 13.0), (102.0, 14.0), (102.0, 15.0), (102.0, 16.0), (102.0, 17.0), (102.0, 18.0), (102.0, 19.0), (102.0, 20.0), (102.0, 21.0), (102.0, 22.0), (102.0, 23.0), (102.0, 24.0), (102.0, 25.0), (101.0, 25.0), (101.0, 26.0)]"
"(137, 10)","(101, 10)","[(137.0, 10.0), (137.0, 9.0), (137.0, 8.0), (137.0, 7.0), (136.0, 7.0), (135.0, 7.0), (134.0, 7.0), (133.0, 7.0), (132.0, 7.0), (131.0, 7.0), (130.0, 7.0), (129.0, 7.0), (128.0, 7.0), (127.0, 7.0), (126.0, 7.0), (125.0, 7.0), (124.0, 7.0), (123.0, 7.0), (122.0, 7.0), (121.0, 7.0), (120.0, 7.0), (119.0, 7.0), (118.0, 7.0), (117.0, 7.0), (116.0, 7.0), (115.0, 7.0), (114.0, 7.0), (113.0, 7.0), (112.0, 7.0), (111.0, 7.0), (110.0, 7.0), (109.0, 7.0), (108.0, 7.0), (107.0, 7.0), (106.0, 7.0), (105.0, 7.0), (104.0, 7.0), (103.0, 7.0), (102.0, 7.0), (102.0, 8.0), (101.0, 8.0), (101.0, 9.0), (101.0, 10.0)]"
"(101, 10)","(99, 28)","[(101.0, 10.0), (101.0, 11.0), (101.0, 12.0), (101.0, 13.0), (101.0, 14.0), (101.0, 15.0), (101.0, 16.0), (101.0, 17.0), (101.0, 18.0), (101.0, 19.0), (101.0, 20.0), (101.0, 21.0), (101.0, 22.0), (101.0, 23.0), (101.0, 24.0), (100.0, 24.0), (100.0, 25.0), (100.0, 26.0), (100.0, 27.0), (99.0, 27.0), (99.0, 28.0)]"
"(99, 28)","(65, 10)","[(99.0, 28.0), (98.0, 28.0), (98.0, 27.0), (98.0, 26.0), (98.0, 25.0), (98.0, 24.0), (98.0, 23.0), (98.0, 22.0), (98.0, 21.0), (98.0, 20.0), (98.0, 19.0), (98.0, 18.0), (98.0, 17.0), (98.0, 16.0), (98.0, 15.0), (98.0, 14.0), (98.0, 13.0), (98.0, 12.0), (98.0, 11.0), (97.0, 11.0), (96.0, 11.0), (95.0, 11.0), (94.0, 11.0), (93.0, 11.0), (92.0, 11.0), (91.0, 11.0), (90.0, 11.0), (89.0, 11.0), (88.0, 11.0), (87.0, 11.0), (86.0, 11.0), (85.0, 11.0), (84.0, 11.0), (83.0, 11.0), (82.0, 11.0), (81.0, 11.0), (80.0, 11.0), (79.0, 11.0), (78.0, 11.0), (77.0, 11.0), (76.0, 11.0), (75.0, 11.0), (74.0, 11.0), (73.0, 11.0), (72.0, 11.0), (71.0, 11.0), (70.0, 11.0), (69.0, 11.0), (68.0, 11.0), (67.0, 11.0), (66.0, 11.0), (65.0, 11.0), (65.0, 10.0)]"
"(157, 8)","(141, 8)","[(157.0, 8.0), (156.0, 8.0), (155.0, 8.0), (154.0, 8.0), (153.0, 8.0), (152.0, 8.0), (151.0, 8.0), (150.0, 8.0), (149.0, 8.0), (148.0, 8.0), (147.0, 8.0), (146.0, 8.0), (145.0, 8.0), (144.0, 8.0), (143.0, 8.0), (142.0, 8.0), (141.0, 8.0)]"
"(137, 138)","(11, 136)","[(137.0, 138.0), (137.0, 137.0), (136.0, 137.0), (135.0, 137.0), (134.0, 137.0), (133.0, 137.0), (132.0, 137.0), (131.0, 137.0), (130.0, 137.0), (129.0, 137.0), (128.0, 137.0), (127.0, 137.0), (126.0, 137.0), (125.0, 137.0), (124.0, 137.0), (123.0, 137.0), (122.0, 137.0), (121.0, 137.0), (120.0, 137.0), (119.0, 137.0), (118.0, 137.0), (117.0, 137.0), (116.0, 137.0), (115.0, 137.0), (114.0, 137.0), (113.0, 137.0), (112.0, 137.0), (111.0, 137.0), (110.0, 137.0), (109.0, 137.0), (108.0, 137.0), (107.0, 137.0), (106.0, 137.0), (105.0, 137.0), (104.0, 137.0), (103.0, 137.0), (102.0, 137.0), (101.0, 137.0), (100.0, 137.0), (99.0, 137.0), (98.0, 137.0), (97.0, 137.0), (96.0, 137.0), (95.0, 137.0), (94.0, 137.0), (93.0, 137.0), (92.0, 137.0), (91.0, 137.0), (90.0, 137.0), (89.0, 137.0), (88.0, 137.0), (87.0, 137.0), (86.0, 137.0), (85.0, 137.0), (84.0, 137.0), (83.0, 137.0), (82.0, 137.0), (81.0, 137.0), (80.0, 137.0), (79.0, 137.0), (78.0, 137.0), (77.0, 137.0), (76.0, 137.0), (75.0, 137.0), (74.0, 137.0), (73.0, 137.0), (72.0, 137.0), (71.0, 137.0), (70.0, 137.0), (69.0, 137.0), (68.0, 137.0), (67.0, 137.0), (66.0, 137.0), (65.0, 137.0), (64.0, 137.0), (63.0, 137.0), (62.0, 137.0), (61.0, 137.0), (60.0, 137.0), (59.0, 137.0), (58.0, 137.0), (57.0, 137.0), (56.0, 137.0), (55.0, 137.0), (54.0, 137.0), (53.0, 137.0), (52.0, 137.0), (51.0, 137.0), (50.0, 137.0), (49.0, 137.0), (48.0, 137.0), (47.0, 137.0), (46.0, 137.0), (45.0, 137.0), (44.0, 137.0), (43.0, 137.0), (42.0, 137.0), (41.0, 137.0), (40.0, 137.0), (39.0, 137.0), (38.0, 137.0), (37.0, 137.0), (36.0, 137.0), (35.0, 137.0), (34.0, 137.0), (33.0, 137.0), (32.0, 137.0), (31.0, 137.0), (30.0, 137.0), (29.0, 137.0), (28.0, 137.0), (27.0, 137.0), (26.0, 137.0), (25.0, 137.0), (24.0, 137.0), (23.0, 137.0), (22.0, 137.0), (21.0, 137.0), (20.0, 137.0), (19.0, 137.0), (18.0, 137.0), (17.0, 137.0), (16.0, 137.0), (15.0, 137.0), (14.0, 137.0), (13.0, 137.0), (12.0, 137.0), (11.0, 137.0), (11.0, 136.0)]"
"(93, 122)","(81, 118)","[(93.0, 122.0), (92.0, 122.0), (92.0, 121.0), (92.0, 120.0), (92.0, 119.0), (91.0, 119.0), (90.0, 119.0), (89.0, 119.0), (88.0, 119.0), (87.0, 119.0), (86.0, 119.0), (85.0, 119.0), (84.0, 119.0), (83.0, 119.0), (82.0, 119.0), (81.0, 119.0), (81.0, 118.0)]"
"(81, 118)","(49, 132)","[(81.0, 118.0), (81.0, 119.0), (81.0, 120.0), (81.0, 121.0), (81.0, 122.0), (81.0, 123.0), (81.0, 124.0), (81.0, 125.0), (81.0, 126.0), (81.0, 127.0), (81.0, 128.0), (81.0, 129.0), (81.0, 130.0), (80.0, 130.0), (79.0, 130.0), (78.0, 130.0), (77.0, 130.0), (76.0, 130.0), (75.0, 130.0), (74.0, 130.0), (73.0, 130.0), (72.0, 130.0), (71.0, 130.0), (70.0, 130.0), (69.0, 130.0), (68.0, 130.0), (67.0, 130.0), (66.0, 130.0), (65.0, 130.0), (64.0, 130.0), (63.0, 130.0), (62.0, 130.0), (61.0, 130.0), (60.0, 130.0), (59.0, 130.0), (58.0, 130.0), (57.0, 130.0), (56.0, 130.0), (55.0, 130.0), (54.0, 130.0), (53.0, 130.0), (52.0, 130.0), (51.0, 130.0), (50.0, 130.0), (49.0, 130.0), (49.0, 131.0), (49.0, 132.0)]"
"(91, 116)","(91, 100)","[(91.0, 116.0), (91.0, 115.0), (91.0, 114.0), (91.0, 113.0), (91.0, 112.0), (91.0, 111.0), (91.0, 110.0), (91.0, 109.0), (91.0, 108.0), (91.0, 107.0), (91.0, 106.0), (91.0, 105.0), (91.0, 104.0), (91.0, 103.0), (91.0, 102.0), (91.0, 101.0), (91.0, 100.0)]"
"(105, 130)","(83, 116)","[(105.0, 130.0), (105.0, 129.0), (105.0, 128.0), (105.0, 127.0), (105.0, 126.0), (105.0, 125.0), (105.0, 124.0), (105.0, 123.0), (105.0, 122.0), (105.0, 121.0), (104.0, 121.0), (103.0, 121.0), (102.0, 121.0), (101.0, 121.0), (100.0, 121.0), (99.0, 121.0), (98.0, 121.0), (98.0, 120.0), (97.0, 120.0), (96.0, 120.0), (96.0, 119.0), (96.0, 118.0), (96.0, 117.0), (95.0, 117.0), (94.0, 117.0), (93.0, 117.0), (92.0, 117.0), (91.0, 117.0), (90.0, 117.0), (89.0, 117.0), (88.0, 117.0), (87.0, 117.0), (86.0, 117.0), (85.0, 117.0), (84.0, 117.0), (83.0, 117.0), (83.0, 116.0)]"
